date,word,category,guesses_used,solved,streak,hint_used,source
2024-03-01,strategy,Business,4,yes,5,no,https://pinpointanswertoday.online/
2024-03-02,algorithm,Technology,6,yes,6,yes,https://pinpointanswertoday.online/
2024-03-03,mentorship,Leadership,3,yes,7,no,https://pinpointanswertoday.online/
2024-03-04,investment,Business,5,yes,8,no,https://pinpointanswertoday.online/
2024-03-05,framework,Technology,4,yes,9,no,https://pinpointanswertoday.online/
2024-03-06,collaboration,Leadership,7,no,0,yes,https://pinpointanswertoday.online/
2024-03-07,networking,Career,3,yes,1,no,https://pinpointanswertoday.online/
2024-03-08,scalability,Technology,5,yes,2,yes,https://pinpointanswertoday.online/
2024-03-09,accountability,Leadership,8,no,0,yes,https://pinpointanswertoday.online/
2024-03-10,delegation,Leadership,4,yes,1,no,https://pinpointanswertoday.online/
